{
  "objective": "binary",
  "metric": "binary_logloss",
  "learning_rate": 0.07,
  "num_leaves": 29,
  "max_depth": 3,
  "feature_fraction": 0.7889437402385802,
  "bagging_fraction": 0.7616570305879855,
  "bagging_freq": 6,
  "min_data_in_leaf": 81,
  "lambda_l1": 1.2526119377584088,
  "lambda_l2": 0.38078025678292104,
  "verbose": -1
}