{
  "objective": "binary",
  "metric": "binary_logloss",
  "learning_rate": 0.03,
  "num_leaves": 22,
  "max_depth": 7,
  "feature_fraction": 0.7063577904389605,
  "bagging_fraction": 0.891209407318471,
  "bagging_freq": 4,
  "min_data_in_leaf": 179,
  "lambda_l1": 1.5567669941475237,
  "lambda_l2": 0.38927741570393515,
  "verbose": -1
}